peter;lois;stevie
ann;mary;ivan
john;paul;michael
den;serge;elizabeth
lois;stevie;peter
mary;ivan;ann
paul;michael;john
serge;elizabeth;den
stevie;peter;lois
ivan;ann;mary
michael;john;paul
elizabeth;den;serge
abraham;stewart;andrew
lois;stevie;peter
mary;ivan;ann
paul;michael;john
serge;elizabeth;den
stevie;peter;lois
ivan;ann;mary
michael;john;paul
elizabeth;den;serge
peter;lois;stevie
ann;mary;ivan
john;paul;michael
den;serge;elizabeth
stewart;andrew;abraham
victor;alexander;alex
robert;alexis;david
david;dave;simon
william;james;charlee
stevie;peter;lois
ivan;ann;mary
michael;john;paul
elizabeth;den;serge
peter;lois;stevie
ann;mary;ivan
john;paul;michael
den;serge;elizabeth
lois;stevie;peter
mary;ivan;ann
paul;michael;john
serge;elizabeth;den
andrew;abraham;stewart
peter;lois;stevie
ann;mary;ivan
john;paul;michael
den;serge;elizabeth
lois;stevie;peter
mary;ivan;ann
paul;michael;john
serge;elizabeth;den
stevie;peter;lois
ivan;ann;mary
michael;john;paul
elizabeth;den;serge
abraham;stewart;andrew
alex;victor;alexander
david;robert;alexis
simon;david;dave
charlee;william;james
lois;stevie;peter
mary;ivan;ann
paul;michael;john
serge;elizabeth;den
stevie;peter;lois
ivan;ann;mary
michael;john;paul
elizabeth;den;serge
peter;lois;stevie
ann;mary;ivan
john;paul;michael
den;serge;elizabeth
stewart;andrew;abraham
stevie;peter;lois
ivan;ann;mary
michael;john;paul
elizabeth;den;serge
peter;lois;stevie
ann;mary;ivan
john;paul;michael
den;serge;elizabeth
lois;stevie;peter
mary;ivan;ann
paul;michael;john
serge;elizabeth;den
andrew;abraham;stewart
alexander;alex;victor
alexis;david;robert
dave;simon;david
james;charlee;william
